https://www.thealdennetwork.com/avoiding-tickborne-illness/,8/11/2018 12:08,8/11/2018 12:08
https://www.thealdennetwork.com/family-often-first-to-spot-hospital-delirium/ ,8/11/2018 12:08,8/11/2018 12:08
https://www.thealdennetwork.com/five-fun-ways-to-give-your-brain-a-workout/ ,8/11/2018 12:08,8/11/2018 12:08
https://www.thealdennetwork.com/for-older-drivers-all-cars-arent-created-equal,8/11/2018 12:08,8/11/2018 12:08
http://handinhandenews.com/en/32210168/1/499/Home-Care-Can-Reduce-Your-Loved-One's-Fear-of-Falling-…-And-Yours.htm ,8/11/2018 12:08,8/11/2018 12:08
http://handinhandenews.com/en/32210168/1/500/Seven-Myths-About-Older-Workers.htm,8/11/2018 12:08,8/11/2018 12:08
http://handinhandenews.com/en/32210168/1/501/Suicide-On-the-Rise-Among-Senior-Americans.htm,8/11/2018 12:08,8/11/2018 12:08
,8/11/2018 12:08,8/11/2018 12:08
,8/11/2018 12:08,8/11/2018 12:08
,8/11/2018 12:08,8/11/2018 12:08
http://aisreview.enewsworks.com/en/102850/1/2658/What-We-Don't-Know-About-Healthy-Aging-Might-Hurt-Us.htm,8/11/2018 12:08,8/11/2018 12:08
http://aisreview.enewsworks.com/en/102850/1/2659/May-13---19-2018-Is-National-Women's-Health-Week.htm,8/11/2018 12:08,8/11/2018 12:08
http://aisreview.enewsworks.com/en/102851/1/2696/Scams-Are-a-Family-Caregiver-Issue.htm ,8/11/2018 12:08,8/11/2018 12:08
http://aisreview.enewsworks.com/en/102851/1/2696/Scams-Are-a-Family-Caregiver-Issue.htm,8/11/2018 12:08,8/11/2018 12:08
http://aisreview.enewsworks.com/en/102851/1/2698/Simple-Tips-for-a-Healthy-and-Safe-Cookout.htm,8/11/2018 12:08,8/11/2018 12:08
http://aisreview.enewsworks.com/en/102851/1/2699/Aging--Caregiving-in-the-News.htm,8/11/2018 12:08,8/11/2018 12:08
http://www.caringnews.com/en/181/1/552/Senior-Self-Neglect-and-What-Families-Can-Do-About-It.htm,8/11/2018 12:08,8/11/2018 12:08
http://www.caringnews.com/en/181/1/553/10-Things-to-Know-Right-Away-When-a-Loved-One-Is-Diagnosed-With-Alzheimer's-Disease.htm,8/11/2018 12:08,8/11/2018 12:08
http://www.caringnews.com/en/182/1/559/How-Can-We-Get-Mom-to-Exercise.htm ,8/11/2018 12:08,8/11/2018 12:08
http://www.caringnews.com/en/182/1/560/A-New-Look-at-Seniors-and-Anxiety.htm,8/11/2018 12:08,8/11/2018 12:08
http://www.caringnews.com/en/182/1/561/I'm-Over-65---What-Shots-Do-I-Need.htm,8/11/2018 12:08,8/11/2018 12:08
