Ageism,2,8/11/2018 12:41,8/11/2018 12:41
Aging Myths,2,8/11/2018 12:41,8/11/2018 12:41
Healthy aging,2,8/11/2018 12:41,8/11/2018 12:41
Older Americans Month,2,8/11/2018 12:41,8/11/2018 12:41
Benefits-Medicare,3,8/11/2018 12:41,8/11/2018 12:41
Benefits-Social Security,3,8/11/2018 12:41,8/11/2018 12:41
Senior services,3,8/11/2018 12:41,8/11/2018 12:41
Adult day care,4,8/11/2018 12:41,8/11/2018 12:41
Aging in place,4,8/11/2018 12:41,8/11/2018 12:41
Geriatric care managers (ALC),4,8/11/2018 12:41,8/11/2018 12:41
Home care basics,4,8/11/2018 12:41,8/11/2018 12:41
Hospice and palliative care,4,8/11/2018 12:41,8/11/2018 12:41
Hospitalization,4,8/11/2018 12:41,8/11/2018 12:41
Hospitalization-avoiding,4,8/11/2018 12:41,8/11/2018 12:41
LGBTQ elders,4,8/11/2018 12:41,8/11/2018 12:41
Senior living options,4,8/11/2018 12:41,8/11/2018 12:41
Senior living options-assisted living,4,8/11/2018 12:41,8/11/2018 12:41
Senior living options-SNF care,4,8/11/2018 12:41,8/11/2018 12:41
Caregivers-caring for,5,8/11/2018 12:41,8/11/2018 12:41
Caregivers-dementia,5,8/11/2018 12:41,8/11/2018 12:41
Caregivers-emotions,5,8/11/2018 12:41,8/11/2018 12:41
Caregivers--financial,5,8/11/2018 12:41,8/11/2018 12:41
Caregivers-long-distance,5,8/11/2018 12:41,8/11/2018 12:41
Caregivers-spouse,5,8/11/2018 12:41,8/11/2018 12:41
Caregivers-trends,5,8/11/2018 12:41,8/11/2018 12:41
Anxiety,6,8/11/2018 12:41,8/11/2018 12:41
Attitude,6,8/11/2018 12:41,8/11/2018 12:41
Depression,6,8/11/2018 12:41,8/11/2018 12:41
Grief,6,8/11/2018 12:41,8/11/2018 12:41
Loneliness,6,8/11/2018 12:41,8/11/2018 12:41
Love and Intimacy/Alzheimer's,6,8/11/2018 12:41,8/11/2018 12:41
Meditation/Mindfulness,6,8/11/2018 12:41,8/11/2018 12:41
Positive thinking,6,8/11/2018 12:41,8/11/2018 12:41
Socialization,6,8/11/2018 12:41,8/11/2018 12:41
Spirituality ,6,8/11/2018 12:41,8/11/2018 12:41
Exercise,7,8/11/2018 12:41,8/11/2018 12:41
Exercise-activities,7,8/11/2018 12:41,8/11/2018 12:41
Exercise-balance activities ,7,8/11/2018 12:41,8/11/2018 12:41
Exercise-brain health,7,8/11/2018 12:41,8/11/2018 12:41
Exercise-sitting dangers,7,8/11/2018 12:41,8/11/2018 12:41
Exercise-walking,7,8/11/2018 12:41,8/11/2018 12:41
Tai Chi,7,8/11/2018 12:41,8/11/2018 12:41
Elder orphans,8,8/11/2018 12:41,8/11/2018 12:41
Family dynamics,8,8/11/2018 12:41,8/11/2018 12:41
Grandparents,8,8/11/2018 12:41,8/11/2018 12:41
Intergenerational contact,8,8/11/2018 12:41,8/11/2018 12:41
Fraud,9,8/11/2018 12:41,8/11/2018 12:41
Senior workers,9,8/11/2018 12:41,8/11/2018 12:41
Senior workers-retirement,9,8/11/2018 12:41,8/11/2018 12:41
Alcoholism,12,8/11/2018 12:41,8/11/2018 12:41
Alzheimer's diagnosis,12,8/11/2018 12:41,8/11/2018 12:41
Alzheimer's preventable? ,12,8/11/2018 12:41,8/11/2018 12:41
"Brain health, aging brain",12,8/11/2018 12:41,8/11/2018 12:41
Brain injuries,12,8/11/2018 12:41,8/11/2018 12:41
Chronic Conditions,12,8/11/2018 12:41,8/11/2018 12:41
Disease-COPD,12,8/11/2018 12:41,8/11/2018 12:41
Diseases-Arthritis,12,8/11/2018 12:41,8/11/2018 12:41
Diseases--Back,12,8/11/2018 12:41,8/11/2018 12:41
Diseases-Cancer,12,8/11/2018 12:41,8/11/2018 12:41
Diseases-Diabetes,12,8/11/2018 12:41,8/11/2018 12:41
Diseases-Eye Problems,12,8/11/2018 12:41,8/11/2018 12:41
Diseases-Flu,12,8/11/2018 12:41,8/11/2018 12:41
Diseases-Hearing Loss,12,8/11/2018 12:41,8/11/2018 12:41
Diseases-Heart Disease,12,8/11/2018 12:41,8/11/2018 12:41
Diseases-Hepatitis,12,8/11/2018 12:41,8/11/2018 12:41
Diseases--HIV,12,8/11/2018 12:41,8/11/2018 12:41
Diseases-Hypertension,12,8/11/2018 12:41,8/11/2018 12:41
"Diseases-Obesity, Healthy Weight",12,8/11/2018 12:41,8/11/2018 12:41
Diseases-Osteoporosis,12,8/11/2018 12:41,8/11/2018 12:41
Diseases-Parkinson's,12,8/11/2018 12:41,8/11/2018 12:41
Diseases--Pneumococcal,12,8/11/2018 12:41,8/11/2018 12:41
Diseases--Stroke,12,8/11/2018 12:41,8/11/2018 12:41
Diseases-Tickborne,12,8/11/2018 12:41,8/11/2018 12:41
"Heat, cold",10,8/11/2018 12:41,8/11/2018 12:41
Hospital delirium,10,8/11/2018 12:41,8/11/2018 12:41
"Hospital discharge, aftercare",10,8/11/2018 12:41,8/11/2018 12:41
Immunization,10,8/11/2018 12:41,8/11/2018 12:41
Infection control,10,8/11/2018 12:41,8/11/2018 12:41
Medication Safety & management,10,8/11/2018 12:41,8/11/2018 12:41
Men's Health,10,8/11/2018 12:41,8/11/2018 12:41
"Obesity, healthy weight",10,8/11/2018 12:41,8/11/2018 12:41
Oral health,10,8/11/2018 12:41,8/11/2018 12:41
Rehabilitation,10,8/11/2018 12:41,8/11/2018 12:41
Sleep,10,8/11/2018 12:41,8/11/2018 12:41
Smoking,10,8/11/2018 12:41,8/11/2018 12:41
Stress management,10,8/11/2018 12:41,8/11/2018 12:41
Women's Health,10,8/11/2018 12:41,8/11/2018 12:41
"Dementia care, behaviors",11,8/11/2018 12:41,8/11/2018 12:41
Dementia prevention,11,8/11/2018 12:41,8/11/2018 12:41
Dementia stigma,11,8/11/2018 12:41,8/11/2018 12:41
Dementia variations,11,8/11/2018 12:41,8/11/2018 12:41
Hoarding,11,8/11/2018 12:41,8/11/2018 12:41
Laughter,11,8/11/2018 12:41,8/11/2018 12:41
Memory Lapses,11,8/11/2018 12:41,8/11/2018 12:41
Memory Loss-treatable conditions,11,8/11/2018 12:41,8/11/2018 12:41
Suicide,11,8/11/2018 12:41,8/11/2018 12:41
Art,13,8/11/2018 12:41,8/11/2018 12:41
Gardening,13,8/11/2018 12:41,8/11/2018 12:41
Music,13,8/11/2018 12:41,8/11/2018 12:41
"Outdoors, nature",13,8/11/2018 12:41,8/11/2018 12:41
Pets,13,8/11/2018 12:41,8/11/2018 12:41
Volunteering,13,8/11/2018 12:41,8/11/2018 12:41
"Holidays-Better, visits",14,8/11/2018 12:41,8/11/2018 12:41
Holidays-Depression,14,8/11/2018 12:41,8/11/2018 12:41
Holidays-gifts,14,8/11/2018 12:41,8/11/2018 12:41
Holidays-Is Mom OK,14,8/11/2018 12:41,8/11/2018 12:41
Holidays-NY resolutions,14,8/11/2018 12:41,8/11/2018 12:41
Mother's Day when Mom has dementia ,14,8/11/2018 12:41,8/11/2018 12:41
Valentines Day,14,8/11/2018 12:41,8/11/2018 12:41
Clothing,15,8/11/2018 12:41,8/11/2018 12:41
"Computers, internet, social media",15,8/11/2018 12:41,8/11/2018 12:41
Computers-online health information,15,8/11/2018 12:41,8/11/2018 12:41
"Downsizing, senior moves",15,8/11/2018 12:41,8/11/2018 12:41
Lifelong learning,15,8/11/2018 12:41,8/11/2018 12:41
New Year's resolutions,15,8/11/2018 12:41,8/11/2018 12:41
Purpose in life,15,8/11/2018 12:41,8/11/2018 12:41
Cholesterol,16,8/11/2018 12:41,8/11/2018 12:41
Fasting,16,8/11/2018 12:41,8/11/2018 12:41
Medication-supplements,16,8/11/2018 12:41,8/11/2018 12:41
Nutrition,16,8/11/2018 12:41,8/11/2018 12:41
Nutrition-Brain Health,16,8/11/2018 12:41,8/11/2018 12:41
Nutrition-Food Myths,16,8/11/2018 12:41,8/11/2018 12:41
Nutrition--hydration,16,8/11/2018 12:41,8/11/2018 12:41
Nutrition-Mediterranean diet,16,8/11/2018 12:41,8/11/2018 12:41
Nutrition-Superfoods,16,8/11/2018 12:41,8/11/2018 12:41
Salt,16,8/11/2018 12:41,8/11/2018 12:41
Advance directives,17,8/11/2018 12:41,8/11/2018 12:41
Advance directives--guardianship,17,8/11/2018 12:41,8/11/2018 12:41
Organ Donation,17,8/11/2018 12:41,8/11/2018 12:41
Planning for aging,17,8/11/2018 12:41,8/11/2018 12:41
Driving safety,18,8/11/2018 12:41,8/11/2018 12:41
Driving safety-transportation alternatives,18,8/11/2018 12:41,8/11/2018 12:41
Elder abuse,18,8/11/2018 12:41,8/11/2018 12:41
Emergency preparation,18,8/11/2018 12:41,8/11/2018 12:41
Falls,18,8/11/2018 12:41,8/11/2018 12:41
"Food safety, foodborne illness",18,8/11/2018 12:41,8/11/2018 12:41
Guns,18,8/11/2018 12:41,8/11/2018 12:41
Home safety,18,8/11/2018 12:41,8/11/2018 12:41
Home safety-fire prevention,18,8/11/2018 12:41,8/11/2018 12:41
Home safety-inspection,18,8/11/2018 12:41,8/11/2018 12:41
Home safety-modifications,18,8/11/2018 12:41,8/11/2018 12:41
Trends,19,8/11/2018 12:41,8/11/2018 12:41
